{
    "nodes": [
        {
            "id": 0,
            "name": "base_curve0",
            "x": 1926.7493546963033,
            "y": 1998.2023707867984,
            "inputConnectors": [],
            "outputConnectors": [
                {
                    "id": 2,
                    "title": "Output",
                    "type": "new",
                    "selected": false,
                    "name": "profile",
                    "$$hashKey": "object:184"
                }
            ],
            "type": "base_curve",
            "version": 1450210073432,
            "overwrite": true
        },
        {
            "id": 1,
            "name": "cross_section0",
            "x": 1926.2425957169376,
            "y": 2067.628350959833,
            "inputConnectors": [
                {
                    "id": 1,
                    "title": "Input",
                    "name": "centralProfile",
                    "connected": true,
                    "option": {
                        "name": "none"
                    },
                    "color": "#000000",
                    "selected": false,
                    "$$hashKey": "object:278"
                },
                {
                    "id": 2,
                    "title": "Input",
                    "name": "num_curves",
                    "connected": false,
                    "dataValue": "5",
                    "option": {
                        "name": "slider"
                    },
                    "color": "#000000",
                    "min": "1",
                    "max": "10",
                    "step": "1",
                    "selected": false,
                    "$$hashKey": "object:279"
                },
                {
                    "id": 3,
                    "title": "Input",
                    "name": "height",
                    "connected": false,
                    "dataValue": "20",
                    "option": {
                        "name": "slider"
                    },
                    "color": "#000000",
                    "min": "0",
                    "max": "50",
                    "step": "5",
                    "selected": true,
                    "$$hashKey": "object:280"
                }
            ],
            "outputConnectors": [
                {
                    "id": 4,
                    "title": "Output",
                    "type": "new",
                    "$$hashKey": "object:1169",
                    "selected": false,
                    "name": "crvs",
                    "dataValue": "[]"
                },
                {
                    "id": 6,
                    "title": "Output",
                    "type": "new",
                    "$$hashKey": "object:1288",
                    "selected": false,
                    "name": "frames",
                    "dataValue": "[]"
                }
            ],
            "type": "cross_section",
            "version": 1450242022466,
            "overwrite": true,
            "disabled": false
        },
        {
            "id": 2,
            "name": "loft_surface0",
            "x": 1927.256113675668,
            "y": 2130.46646440112,
            "inputConnectors": [
                {
                    "id": 1,
                    "title": "Input",
                    "name": "crvs",
                    "connected": true,
                    "option": {
                        "name": "none"
                    },
                    "color": "#000000"
                },
                {
                    "id": 2,
                    "title": "Input",
                    "name": "u",
                    "connected": false,
                    "dataValue": "15",
                    "option": {
                        "name": "slider"
                    },
                    "color": "#000000",
                    "min": "3",
                    "max": "15",
                    "step": "1"
                },
                {
                    "id": 3,
                    "title": "Input",
                    "name": "v",
                    "connected": false,
                    "dataValue": "15",
                    "option": {
                        "name": "slider"
                    },
                    "color": "#000000",
                    "min": "3",
                    "max": "15",
                    "step": "1"
                }
            ],
            "outputConnectors": [
                {
                    "id": 2,
                    "title": "Output",
                    "name": "mesh",
                    "type": "new",
                    "connected": true
                }
            ],
            "type": "loft_surface",
            "version": 1450210102736,
            "overwrite": true,
            "disabled": false
        },
        {
            "id": 3,
            "name": "killian_roof0",
            "x": 1927.7628726550333,
            "y": 2196.851890697963,
            "inputConnectors": [
                {
                    "id": 1,
                    "title": "Input",
                    "name": "mesh",
                    "connected": true,
                    "option": {
                        "name": "none"
                    },
                    "color": "#000000"
                }
            ],
            "outputConnectors": [
                {
                    "id": 1,
                    "title": "Output",
                    "name": "allPanels",
                    "dataValue": "[]",
                    "type": "new"
                }
            ],
            "type": "killian_roof",
            "version": 1450241988930,
            "overwrite": true,
            "disabled": false
        }
    ],
    "connections": [
        {
            "source": {
                "nodeID": 0,
                "connectorIndex": 0
            },
            "dest": {
                "nodeID": 1,
                "connectorIndex": 0
            }
        },
        {
            "source": {
                "nodeID": 1,
                "connectorIndex": 0
            },
            "dest": {
                "nodeID": 2,
                "connectorIndex": 0
            }
        },
        {
            "source": {
                "nodeID": 2,
                "connectorIndex": 0
            },
            "dest": {
                "nodeID": 3,
                "connectorIndex": 0
            }
        }
    ]
}

//procedure json
[
    [
        {
            "id": 2,
            "title": "Output",
            "type": "new",
            "selected": false,
            "name": "profile",
            "$$hashKey": "object:184"
        },
        {
            "id": 3,
            "title": "Action",
            "nodes": [],
            "type": "new",
            "expression": "",
            "method": "nurbsByPoints",
            "category": "crv",
            "parameters": [
                {
                    "value": "GLOBAL",
                    "type": "frame",
                    "$$hashKey": "object:1091"
                },
                {
                    "value": "[[-80, 0, 0],[-40,20,-5],[0, 0, -14],[40, -20, -17],[80, 0, -5]]",
                    "type": "points",
                    "$$hashKey": "object:1092"
                },
                {
                    "value": "3",
                    "type": "degree",
                    "$$hashKey": "object:1093"
                }
            ],
            "result": "profile",
            "$$hashKey": "object:1076",
            "selected": true
        }
    ],
    [
        {
            "id": 4,
            "title": "Output",
            "type": "new",
            "$$hashKey": "object:1169",
            "selected": false,
            "name": "crvs",
            "dataValue": "[]"
        },
        {
            "id": 6,
            "title": "Output",
            "type": "new",
            "$$hashKey": "object:1288",
            "selected": false,
            "name": "frames",
            "dataValue": "[]"
        },
        {
            "id": 9,
            "title": "Action",
            "nodes": [],
            "type": "new",
            "expression": "",
            "method": "divideByNumber",
            "category": "crv",
            "parameters": [
                {
                    "value": "centralProfile",
                    "type": "curve",
                    "$$hashKey": "object:1919"
                },
                {
                    "value": "num_curves",
                    "type": "numPoints",
                    "$$hashKey": "object:1920"
                }
            ],
            "result": "tList",
            "$$hashKey": "object:1904",
            "selected": false
        },
        {
            "id": 3,
            "title": "Control",
            "nodes": [
                {
                    "id": 6,
                    "title": "Action",
                    "nodes": [],
                    "type": "new",
                    "expression": "",
                    "method": "getPoints",
                    "category": "crv",
                    "parameters": [
                        {
                            "value": "centralProfile",
                            "type": "curve",
                            "$$hashKey": "object:2476"
                        },
                        {
                            "value": "t",
                            "type": "tList",
                            "$$hashKey": "object:2477"
                        }
                    ],
                    "result": "point",
                    "$$hashKey": "object:2462",
                    "selected": false
                },
                {
                    "id": 5,
                    "title": "Action",
                    "nodes": [],
                    "expression": "",
                    "method": "getTangents",
                    "category": "crv",
                    "parameters": [
                        {
                            "value": "centralProfile",
                            "type": "curve",
                            "$$hashKey": "object:4057"
                        },
                        {
                            "value": "t",
                            "type": "tList",
                            "$$hashKey": "object:4058"
                        }
                    ],
                    "result": "tangent",
                    "$$hashKey": "object:4044",
                    "selected": false
                },
                {
                    "id": 5,
                    "title": "Action",
                    "nodes": [],
                    "expression": "",
                    "method": "cross",
                    "category": "mtx",
                    "parameters": [
                        {
                            "value": "tangent",
                            "type": "matrix1",
                            "$$hashKey": "object:5539"
                        },
                        {
                            "value": "[0,0,1]",
                            "type": "matrix2",
                            "$$hashKey": "object:5540"
                        }
                    ],
                    "result": "xaxis",
                    "$$hashKey": "object:5526",
                    "selected": false
                },
                {
                    "id": 7,
                    "title": "Action",
                    "nodes": [],
                    "type": "new",
                    "expression": "",
                    "method": "byXYAxes",
                    "category": "frm",
                    "parameters": [
                        {
                            "value": "point",
                            "type": "origin",
                            "$$hashKey": "object:2903"
                        },
                        {
                            "value": "xaxis",
                            "type": "xAxis",
                            "$$hashKey": "object:2904"
                        },
                        {
                            "value": "[0,0,1]",
                            "type": "yAxis",
                            "$$hashKey": "object:2905"
                        }
                    ],
                    "result": "frame",
                    "$$hashKey": "object:2889",
                    "selected": false
                },
                {
                    "id": 8,
                    "title": "Action",
                    "nodes": [],
                    "type": "new",
                    "expression": "",
                    "method": "arc",
                    "category": "crv",
                    "parameters": [
                        {
                            "value": "frame",
                            "type": "frame",
                            "$$hashKey": "object:1149"
                        },
                        {
                            "value": "height - point.z",
                            "type": "radius",
                            "$$hashKey": "object:1150"
                        },
                        {
                            "value": "0",
                            "type": "minAngle",
                            "$$hashKey": "object:1151"
                        },
                        {
                            "value": "180",
                            "type": "maxAngle",
                            "$$hashKey": "object:1152"
                        }
                    ],
                    "result": "arc",
                    "$$hashKey": "object:1136",
                    "selected": false
                },
                {
                    "id": 5,
                    "title": "Action",
                    "nodes": [],
                    "expression": "",
                    "method": "append",
                    "category": "lst",
                    "return": false,
                    "parameters": [
                        {
                            "value": "crvs",
                            "type": "list",
                            "$$hashKey": "object:1701"
                        },
                        {
                            "value": "arc",
                            "type": "itemOrList",
                            "$$hashKey": "object:1702"
                        }
                    ],
                    "result": "",
                    "$$hashKey": "object:1691",
                    "selected": false
                },
                {
                    "id": 5,
                    "title": "Action",
                    "nodes": [],
                    "expression": "",
                    "method": "append",
                    "category": "lst",
                    "return": false,
                    "parameters": [
                        {
                            "value": "frames",
                            "type": "list",
                            "$$hashKey": "object:2761"
                        },
                        {
                            "value": "frame",
                            "type": "itemOrList",
                            "$$hashKey": "object:2762"
                        }
                    ],
                    "result": "",
                    "$$hashKey": "object:2751",
                    "selected": false
                }
            ],
            "type": "new",
            "controlType": "for each",
            "dataName": "t",
            "forList": "tList",
            "selected": true,
            "$$hashKey": "object:289"
        }
    ],
    [
        {
            "id": 2,
            "title": "Output",
            "name": "mesh",
            "type": "new",
            "selected": true,
            "$$hashKey": "object:2036"
        },
        {
            "id": 4,
            "title": "Action",
            "nodes": [],
            "type": "new",
            "expression": "",
            "method": "nurbsByLoft",
            "category": "srf",
            "parameters": [
                {
                    "value": "crvs",
                    "type": "listOfCurves",
                    "$$hashKey": "object:2346"
                },
                {
                    "value": "3",
                    "type": "degree",
                    "$$hashKey": "object:2347"
                }
            ],
            "result": "srf",
            "selected": false,
            "$$hashKey": "object:2037"
        },
        {
            "id": 5,
            "title": "Action",
            "nodes": [],
            "type": "new",
            "expression": "",
            "method": "uvGridByNumber",
            "category": "srf",
            "parameters": [
                {
                    "value": "srf",
                    "type": "surface",
                    "$$hashKey": "object:2361"
                },
                {
                    "value": "u",
                    "type": "uSegments",
                    "$$hashKey": "object:2362"
                },
                {
                    "value": "v",
                    "type": "vSegments",
                    "$$hashKey": "object:2363"
                },
                {
                    "value": "undefined",
                    "type": "method",
                    "$$hashKey": "object:2364"
                }
            ],
            "result": "uvGrid",
            "selected": false,
            "$$hashKey": "object:2038"
        },
        {
            "id": 4,
            "title": "Action",
            "nodes": [],
            "type": "new",
            "expression": "",
            "method": "divide",
            "category": "srf",
            "parameters": [
                {
                    "value": "srf",
                    "type": "surface",
                    "$$hashKey": "object:2384"
                },
                {
                    "value": "uvGrid",
                    "type": "uvGrid",
                    "$$hashKey": "object:2385"
                },
                {
                    "value": "undefined",
                    "type": "method",
                    "$$hashKey": "object:2386"
                }
            ],
            "result": "mesh",
            "selected": false,
            "$$hashKey": "object:2039"
        }
    ],
    [
        {
            "id": 1,
            "title": "Output",
            "name": "allPanels",
            "dataValue": "[]",
            "type": "new",
            "selected": false,
            "$$hashKey": "object:329"
        },
        {
            "id": 4,
            "title": "Output",
            "name": "data",
            "dataValue": "mesh",
            "type": "new",
            "selected": false,
            "$$hashKey": "object:332"
        },
        {
            "id": 3,
            "title": "Control",
            "nodes": [
                {
                    "id": 5,
                    "title": "Data",
                    "nodes": [],
                    "dataName": "rads",
                    "dataValue": "[]",
                    "type": "new",
                    "selected": false,
                    "$$hashKey": "object:1141"
                },
                {
                    "id": 4,
                    "title": "Control",
                    "nodes": [
                        {
                            "id": 6,
                            "title": "Action",
                            "nodes": [],
                            "expression": "",
                            "method": "line",
                            "category": "crv",
                            "parameters": [
                                {
                                    "value": "GLOBAL",
                                    "type": "frame",
                                    "$$hashKey": "object:4530"
                                },
                                {
                                    "value": "face.vertices[index]",
                                    "type": "startPoint",
                                    "$$hashKey": "object:4531"
                                },
                                {
                                    "value": "face.vertices[index+2]",
                                    "type": "endPoint",
                                    "$$hashKey": "object:4532"
                                }
                            ],
                            "result": "diag",
                            "$$hashKey": "object:4517",
                            "selected": false
                        },
                        {
                            "id": 5,
                            "title": "Action",
                            "nodes": [],
                            "expression": "",
                            "method": "length",
                            "category": "crv",
                            "parameters": [
                                {
                                    "value": "diag",
                                    "type": "curve",
                                    "$$hashKey": "object:1416"
                                }
                            ],
                            "result": "tubeLength",
                            "$$hashKey": "object:1403",
                            "selected": false
                        },
                        {
                            "id": 5,
                            "title": "Action",
                            "nodes": [],
                            "expression": "",
                            "method": "sigDig",
                            "category": "msc",
                            "parameters": [
                                {
                                    "value": "0.02*tubeLength",
                                    "type": "number",
                                    "$$hashKey": "object:1310"
                                },
                                {
                                    "value": "2",
                                    "type": "number",
                                    "$$hashKey": "object:1311"
                                }
                            ],
                            "result": "radius",
                            "selected": false,
                            "$$hashKey": "object:1202"
                        },
                        {
                            "id": 5,
                            "title": "Action",
                            "nodes": [],
                            "expression": "",
                            "method": "nurbsPipe",
                            "category": "srf",
                            "parameters": [
                                {
                                    "value": "diag",
                                    "type": "centreCurve",
                                    "$$hashKey": "object:1340"
                                },
                                {
                                    "value": "radius",
                                    "type": "radius",
                                    "$$hashKey": "object:1341"
                                }
                            ],
                            "result": "tube",
                            "selected": false,
                            "$$hashKey": "object:1204"
                        },
                        {
                            "id": 5,
                            "title": "Action",
                            "nodes": [],
                            "expression": "",
                            "method": "append",
                            "category": "lst",
                            "return": false,
                            "parameters": [
                                {
                                    "value": "allPanels",
                                    "type": "list",
                                    "$$hashKey": "object:4140"
                                },
                                {
                                    "value": "tube",
                                    "type": "itemOrList",
                                    "$$hashKey": "object:4141"
                                }
                            ],
                            "result": "",
                            "$$hashKey": "object:4130",
                            "selected": false
                        },
                        {
                            "id": 5,
                            "title": "Action",
                            "nodes": [],
                            "expression": "",
                            "method": "append",
                            "category": "lst",
                            "return": false,
                            "parameters": [
                                {
                                    "value": "rads",
                                    "type": "list",
                                    "$$hashKey": "object:3661"
                                },
                                {
                                    "value": "radius",
                                    "type": "itemOrList",
                                    "$$hashKey": "object:3662"
                                }
                            ],
                            "result": "",
                            "$$hashKey": "object:3651",
                            "selected": false
                        }
                    ],
                    "type": "new",
                    "controlType": "for each",
                    "dataName": "index",
                    "forList": "[0,1]",
                    "selected": false,
                    "$$hashKey": "object:1142"
                },
                {
                    "id": 5,
                    "title": "Action",
                    "nodes": [],
                    "type": "new",
                    "expression": "",
                    "method": "addData",
                    "category": "obj",
                    "return": false,
                    "parameters": [
                        {
                            "value": "face",
                            "type": "obj",
                            "$$hashKey": "object:4613"
                        },
                        {
                            "value": "\"tube_radius\"",
                            "type": "dataName",
                            "$$hashKey": "object:4614"
                        },
                        {
                            "value": "rads",
                            "type": "dataValue",
                            "$$hashKey": "object:4615"
                        }
                    ],
                    "result": "",
                    "$$hashKey": "object:4603",
                    "selected": false
                }
            ],
            "type": "assign",
            "controlType": "for each",
            "dataName": "face",
            "forList": "mesh.faces",
            "selected": true,
            "$$hashKey": "object:331"
        }
    ]
]

//interface json
[
    [],
    [
        {
            "id": 1,
            "title": "Input",
            "name": "centralProfile",
            "connected": true,
            "option": {
                "name": "none"
            },
            "color": "#000000",
            "selected": false,
            "$$hashKey": "object:278"
        },
        {
            "id": 2,
            "title": "Input",
            "name": "num_curves",
            "connected": false,
            "dataValue": "5",
            "option": {
                "name": "slider"
            },
            "color": "#000000",
            "min": "1",
            "max": "10",
            "step": "1",
            "selected": false,
            "$$hashKey": "object:279"
        },
        {
            "id": 3,
            "title": "Input",
            "name": "height",
            "connected": false,
            "dataValue": "20",
            "option": {
                "name": "slider"
            },
            "color": "#000000",
            "min": "0",
            "max": "50",
            "step": "5",
            "selected": true,
            "$$hashKey": "object:280"
        }
    ],
    [
        {
            "id": 1,
            "title": "Input",
            "name": "crvs",
            "connected": true,
            "option": {
                "name": "none"
            },
            "color": "#000000",
            "$$hashKey": "object:2028"
        },
        {
            "id": 2,
            "title": "Input",
            "name": "u",
            "connected": false,
            "dataValue": "15",
            "option": {
                "name": "slider"
            },
            "color": "#000000",
            "min": "3",
            "max": "15",
            "step": "1",
            "$$hashKey": "object:2029"
        },
        {
            "id": 3,
            "title": "Input",
            "name": "v",
            "connected": false,
            "dataValue": "15",
            "option": {
                "name": "slider"
            },
            "color": "#000000",
            "min": "3",
            "max": "15",
            "step": "1",
            "$$hashKey": "object:2030"
        }
    ],
    [
        {
            "id": 1,
            "title": "Input",
            "name": "mesh",
            "connected": true,
            "option": {
                "name": "none"
            },
            "color": "#000000",
            "$$hashKey": "object:325"
        }
    ]
]