{
    "nodes": [
        {
            "id": 0,
            "name": "radius_func0",
            "x": 2207.5446549811645,
            "y": 1859.161947000727,
            "inputConnectors": [],
            "outputConnectors": [
                {
                    "id": "999",
                    "title": "Output",
                    "name": "FUNC_OUTPUT"
                },
                {
                    "id": 3,
                    "title": "Output",
                    "type": "new",
                    "$$hashKey": "object:8510",
                    "selected": false,
                    "name": "out",
                    "dataValue": "r1 + r2"
                }
            ],
            "type": "radius_func",
            "version": 1450211669304,
            "overwrite": true,
            "disabled": false
        },
        {
            "id": 1,
            "name": "spiral_sin0",
            "x": 2113.0679884101987,
            "y": 1957.503272356104,
            "inputConnectors": [
                {
                    "id": 4,
                    "title": "Input",
                    "name": "rad_f",
                    "connected": true,
                    "option": {
                        "name": "none"
                    },
                    "color": "#000000",
                    "$$hashKey": "object:11241",
                    "selected": false
                },
                {
                    "id": 8,
                    "title": "Input",
                    "name": "rad2",
                    "connected": false,
                    "dataValue": "0",
                    "option": {
                        "name": "slider",
                        "$$hashKey": "object:2346"
                    },
                    "color": "#000000",
                    "$$hashKey": "object:54351",
                    "selected": true,
                    "min": "0",
                    "max": "10",
                    "step": "0.1"
                }
            ],
            "outputConnectors": [
                {
                    "id": 3,
                    "title": "Output",
                    "type": "new",
                    "$$hashKey": "object:9593",
                    "selected": false,
                    "name": "out",
                    "dataValue": "crv",
                    "connected": true
                }
            ],
            "type": "spiral_sin",
            "version": 1450211668323,
            "overwrite": true,
            "disabled": false
        },
        {
            "id": 2,
            "name": "rotate_copy0",
            "x": 2113.0679884101987,
            "y": 2108.027312602297,
            "inputConnectors": [
                {
                    "id": 1,
                    "title": "Input",
                    "name": "geom",
                    "connected": true,
                    "option": {
                        "name": "none"
                    },
                    "color": "#000000",
                    "$$hashKey": "object:18158",
                    "selected": false
                }
            ],
            "outputConnectors": [
                {
                    "id": 3,
                    "title": "Output",
                    "type": "new",
                    "$$hashKey": "object:19540",
                    "selected": false,
                    "name": "out",
                    "dataValue": "copies"
                }
            ],
            "type": "rotate_copy",
            "version": 1450211670404,
            "overwrite": true,
            "disabled": false
        },
        {
            "id": 3,
            "name": "reflect_copy0",
            "x": 2112.299885429947,
            "y": 2031.9851175573722,
            "inputConnectors": [
                {
                    "id": 1,
                    "title": "Input",
                    "name": "geom",
                    "connected": true,
                    "option": {
                        "name": "none",
                        "$$hashKey": "object:25020"
                    },
                    "color": "#000000",
                    "$$hashKey": "object:24966",
                    "selected": true
                }
            ],
            "outputConnectors": [
                {
                    "id": 1,
                    "title": "Output",
                    "type": "new",
                    "$$hashKey": "object:24997",
                    "selected": true,
                    "name": "out1",
                    "dataValue": "[geom, copy]",
                    "connected": true
                }
            ],
            "type": "reflect_copy",
            "version": 1450211667689,
            "overwrite": true,
            "disabled": false
        }
    ],
    "connections": [
        {
            "source": {
                "nodeID": 0,
                "connectorIndex": 0
            },
            "dest": {
                "nodeID": 1,
                "connectorIndex": 0
            }
        },
        {
            "source": {
                "nodeID": 1,
                "connectorIndex": 0
            },
            "dest": {
                "nodeID": 3,
                "connectorIndex": 0
            }
        },
        {
            "source": {
                "nodeID": 3,
                "connectorIndex": 0
            },
            "dest": {
                "nodeID": 2,
                "connectorIndex": 0
            }
        }
    ]
}

//procedure json
[
    [
        {
            "id": 6,
            "title": "Control",
            "nodes": [
                {
                    "id": 5,
                    "title": "Control",
                    "controlType": "if",
                    "nodes": [
                        {
                            "id": 1,
                            "title": "Data",
                            "nodes": [],
                            "dataName": "r1",
                            "dataValue": "rad1 + ((rad2 - rad1) * input)",
                            "type": "new",
                            "$$hashKey": "object:8456",
                            "selected": false
                        }
                    ],
                    "ifExpression": "rad1 < rad2",
                    "$$hashKey": "object:61554",
                    "selected": false
                },
                {
                    "id": 5,
                    "title": "Control",
                    "controlType": "else",
                    "nodes": [
                        {
                            "id": 7,
                            "title": "Data",
                            "nodes": [],
                            "dataName": "r1",
                            "dataValue": "rad1 - ((rad1 - rad2) * input)",
                            "$$hashKey": "object:61642",
                            "selected": false
                        }
                    ],
                    "$$hashKey": "object:61555",
                    "selected": false
                }
            ],
            "controlType": "if else",
            "type": "new",
            "$$hashKey": "object:61542",
            "selected": false
        },
        {
            "id": 8,
            "title": "Action",
            "nodes": [],
            "type": "new",
            "expression": "",
            "method": "sin",
            "category": "msc",
            "parameters": [
                {
                    "value": "360 * input * freq",
                    "type": "angle",
                    "$$hashKey": "object:1436"
                }
            ],
            "result": "sine",
            "$$hashKey": "object:1421",
            "selected": true
        },
        {
            "id": 2,
            "title": "Data",
            "nodes": [],
            "dataName": "r2",
            "dataValue": "sine * amplitude",
            "type": "new",
            "$$hashKey": "object:8481",
            "selected": false
        },
        {
            "id": 3,
            "title": "Output",
            "type": "new",
            "$$hashKey": "object:8510",
            "selected": false,
            "name": "out",
            "dataValue": "r1 + r2"
        }
    ],
    [
        {
            "id": 1,
            "title": "Data",
            "nodes": [],
            "dataName": "points",
            "dataValue": "[]",
            "type": "new",
            "$$hashKey": "object:9226",
            "selected": false
        },
        {
            "id": 4,
            "title": "Action",
            "nodes": [],
            "type": "new",
            "expression": "",
            "method": "sequence",
            "category": "lst",
            "parameters": [
                {
                    "value": "0",
                    "type": "start",
                    "$$hashKey": "object:10774"
                },
                {
                    "value": "num_points + 1",
                    "type": "end",
                    "$$hashKey": "object:10775"
                },
                {
                    "value": "1",
                    "type": "stepSize",
                    "$$hashKey": "object:10776"
                }
            ],
            "result": "seq",
            "$$hashKey": "object:10759",
            "selected": false
        },
        {
            "id": 5,
            "title": "Control",
            "nodes": [
                {
                    "id": 6,
                    "title": "Data",
                    "nodes": [],
                    "dataName": "z",
                    "dataValue": "(height / num_points) * i",
                    "$$hashKey": "object:10947",
                    "selected": false
                },
                {
                    "id": 7,
                    "title": "Data",
                    "nodes": [],
                    "dataName": "a",
                    "dataValue": "(( 360 ) / num_points) * i",
                    "$$hashKey": "object:10969",
                    "selected": false
                },
                {
                    "id": 14,
                    "title": "Action",
                    "nodes": [],
                    "expression": "",
                    "method": "cos",
                    "category": "msc",
                    "parameters": [
                        {
                            "value": "a",
                            "type": "angle",
                            "$$hashKey": "object:2991"
                        }
                    ],
                    "result": "cos",
                    "$$hashKey": "object:2978",
                    "selected": false
                },
                {
                    "id": 13,
                    "title": "Action",
                    "nodes": [],
                    "expression": "",
                    "method": "sin",
                    "category": "msc",
                    "parameters": [
                        {
                            "value": "a",
                            "type": "angle",
                            "$$hashKey": "object:2438"
                        }
                    ],
                    "result": "sine",
                    "$$hashKey": "object:2425",
                    "selected": false
                },
                {
                    "id": 8,
                    "title": "Data",
                    "nodes": [],
                    "dataName": "x",
                    "dataValue": "cos * rad_f(i/num_points, rad1, rad2, freq, amplitude).out",
                    "$$hashKey": "object:10994",
                    "selected": false
                },
                {
                    "id": 9,
                    "title": "Data",
                    "nodes": [],
                    "dataName": "y",
                    "dataValue": "sine * rad_f(i/num_points, rad1, rad2, freq, amplitude).out",
                    "$$hashKey": "object:14116",
                    "selected": false
                },
                {
                    "id": 11,
                    "title": "Action",
                    "nodes": [],
                    "type": "new",
                    "expression": "",
                    "method": "byCoords",
                    "category": "pnt",
                    "parameters": [
                        {
                            "value": "x",
                            "type": "x",
                            "$$hashKey": "object:15396"
                        },
                        {
                            "value": "y",
                            "type": "y",
                            "$$hashKey": "object:15397"
                        },
                        {
                            "value": "z",
                            "type": "z",
                            "$$hashKey": "object:15398"
                        }
                    ],
                    "result": "point",
                    "$$hashKey": "object:15381",
                    "selected": false
                },
                {
                    "id": 12,
                    "title": "Action",
                    "nodes": [],
                    "expression": "",
                    "method": "append",
                    "category": "lst",
                    "return": false,
                    "parameters": [
                        {
                            "value": "points",
                            "type": "list",
                            "$$hashKey": "object:15928"
                        },
                        {
                            "value": "point",
                            "type": "itemOrList",
                            "$$hashKey": "object:15929"
                        }
                    ],
                    "result": "",
                    "$$hashKey": "object:15918",
                    "selected": false
                }
            ],
            "type": "new",
            "controlType": "for each",
            "dataName": "i",
            "forList": "seq",
            "$$hashKey": "object:10864",
            "selected": false
        },
        {
            "id": 15,
            "title": "Action",
            "nodes": [],
            "type": "new",
            "expression": "",
            "method": "nurbsByPoints",
            "category": "crv",
            "parameters": [
                {
                    "value": "GLOBAL",
                    "type": "frame",
                    "$$hashKey": "object:4830"
                },
                {
                    "value": "points",
                    "type": "points",
                    "$$hashKey": "object:4831"
                },
                {
                    "value": "3",
                    "type": "degree",
                    "$$hashKey": "object:4832"
                }
            ],
            "result": "crv",
            "$$hashKey": "object:4815",
            "selected": false
        },
        {
            "id": 3,
            "title": "Output",
            "type": "new",
            "$$hashKey": "object:9593",
            "selected": false,
            "name": "out",
            "dataValue": "crv",
            "connected": true
        }
    ],
    [
        {
            "id": 6,
            "title": "Data",
            "nodes": [],
            "dataName": "copies",
            "dataValue": "[]",
            "type": "new",
            "$$hashKey": "object:20773",
            "selected": false
        },
        {
            "id": 5,
            "title": "Action",
            "nodes": [],
            "type": "new",
            "expression": "",
            "method": "sequence",
            "category": "lst",
            "parameters": [
                {
                    "value": "0",
                    "type": "start",
                    "$$hashKey": "object:20745"
                },
                {
                    "value": "num_copies",
                    "type": "end",
                    "$$hashKey": "object:20746"
                },
                {
                    "value": "1",
                    "type": "stepSize",
                    "$$hashKey": "object:20747"
                }
            ],
            "result": "seq",
            "$$hashKey": "object:20730",
            "selected": false
        },
        {
            "id": 4,
            "title": "Control",
            "nodes": [
                {
                    "id": 1,
                    "title": "Action",
                    "nodes": [],
                    "type": "new",
                    "expression": "",
                    "method": "rotate",
                    "category": "trn",
                    "parameters": [
                        {
                            "value": "geom",
                            "type": "object",
                            "$$hashKey": "object:18799"
                        },
                        {
                            "value": "GLOBAL",
                            "type": "frame",
                            "$$hashKey": "object:18800"
                        },
                        {
                            "value": "0",
                            "type": "angleX",
                            "$$hashKey": "object:18801"
                        },
                        {
                            "value": "0",
                            "type": "angleY",
                            "$$hashKey": "object:18802"
                        },
                        {
                            "value": "i * angle",
                            "type": "angleZ",
                            "$$hashKey": "object:18803"
                        },
                        {
                            "value": "true",
                            "type": "copy",
                            "$$hashKey": "object:18804"
                        }
                    ],
                    "result": "copy",
                    "$$hashKey": "object:18779",
                    "selected": false
                },
                {
                    "id": 12,
                    "title": "Action",
                    "nodes": [],
                    "expression": "",
                    "method": "extend",
                    "category": "lst",
                    "return": false,
                    "parameters": [
                        {
                            "value": "copies",
                            "type": "list",
                            "$$hashKey": "object:41840"
                        },
                        {
                            "value": "copy",
                            "type": "extension_list",
                            "$$hashKey": "object:41841"
                        }
                    ],
                    "result": "",
                    "$$hashKey": "object:41830",
                    "selected": false
                }
            ],
            "type": "assign",
            "controlType": "for each",
            "dataName": "i",
            "forList": "seq",
            "$$hashKey": "object:20122",
            "selected": true
        },
        {
            "id": 3,
            "title": "Output",
            "type": "new",
            "$$hashKey": "object:19540",
            "selected": false,
            "name": "out",
            "dataValue": "copies"
        }
    ],
    [
        {
            "id": 4,
            "title": "Action",
            "nodes": [],
            "type": "new",
            "expression": "",
            "method": "byXZAxes",
            "category": "frm",
            "parameters": [
                {
                    "value": "[0,0,0]",
                    "type": "origin",
                    "$$hashKey": "object:2676"
                },
                {
                    "value": "[1,0,0]",
                    "type": "xAxis",
                    "$$hashKey": "object:2677"
                },
                {
                    "value": "[0,1,0]",
                    "type": "zAxis",
                    "$$hashKey": "object:2678"
                }
            ],
            "result": "xz",
            "$$hashKey": "object:2661",
            "selected": true
        },
        {
            "id": 3,
            "title": "Action",
            "nodes": [],
            "type": "new",
            "expression": "",
            "method": "reflect",
            "category": "trn",
            "parameters": [
                {
                    "value": "geom",
                    "type": "object",
                    "$$hashKey": "object:26721"
                },
                {
                    "value": "xz",
                    "type": "frame",
                    "$$hashKey": "object:26722"
                },
                {
                    "value": "true",
                    "type": "copy",
                    "$$hashKey": "object:26723"
                }
            ],
            "result": "copy",
            "$$hashKey": "object:26707",
            "selected": false
        },
        {
            "id": 1,
            "title": "Output",
            "type": "new",
            "$$hashKey": "object:24997",
            "selected": false,
            "name": "out1",
            "dataValue": "[geom, copy]",
            "connected": true
        }
    ]
]

//interface json
[
    [
        {
            "id": 5,
            "title": "Input",
            "name": "input",
            "connected": false,
            "dataValue": "0.2",
            "option": {
                "name": "slider",
                "$$hashKey": "object:2346"
            },
            "color": "#000000",
            "$$hashKey": "object:3968",
            "selected": false,
            "min": "0",
            "max": "1",
            "step": "0.1"
        },
        {
            "id": 2,
            "title": "Input",
            "name": "rad1",
            "connected": false,
            "dataValue": "3.5",
            "option": {
                "name": "slider",
                "$$hashKey": "object:2346"
            },
            "color": "#000000",
            "$$hashKey": "object:2255",
            "selected": true,
            "min": "0",
            "max": "10",
            "step": "0.1"
        },
        {
            "id": 5,
            "title": "Input",
            "name": "rad2",
            "connected": false,
            "dataValue": "5",
            "option": {
                "name": "slider",
                "$$hashKey": "object:2346"
            },
            "color": "#000000",
            "$$hashKey": "object:53870",
            "selected": false,
            "min": "0",
            "max": "10",
            "step": "1"
        },
        {
            "id": 3,
            "title": "Input",
            "name": "freq",
            "connected": false,
            "dataValue": "1.2",
            "option": {
                "name": "slider",
                "$$hashKey": "object:2346"
            },
            "color": "#000000",
            "$$hashKey": "object:2289",
            "selected": false,
            "min": "0",
            "max": "3",
            "step": "0.1"
        },
        {
            "id": 4,
            "title": "Input",
            "name": "amplitude",
            "connected": false,
            "dataValue": "4.2",
            "option": {
                "name": "slider",
                "$$hashKey": "object:2346"
            },
            "color": "#000000",
            "$$hashKey": "object:2317",
            "selected": false,
            "min": "0",
            "max": "10",
            "step": "0.1"
        }
    ],
    [
        {
            "id": 1,
            "title": "Input",
            "name": "angle",
            "connected": false,
            "dataValue": "73",
            "option": {
                "name": "slider",
                "$$hashKey": "object:2346"
            },
            "color": "#000000",
            "$$hashKey": "object:9451",
            "selected": false,
            "min": "0",
            "max": "360",
            "step": "1"
        },
        {
            "id": 2,
            "title": "Input",
            "name": "num_points",
            "connected": false,
            "dataValue": "12",
            "option": {
                "name": "slider",
                "$$hashKey": "object:2346"
            },
            "color": "#000000",
            "$$hashKey": "object:10806",
            "selected": false,
            "min": "4",
            "max": "30",
            "step": "1"
        },
        {
            "id": 3,
            "title": "Input",
            "name": "height",
            "connected": false,
            "dataValue": "42",
            "option": {
                "name": "slider",
                "$$hashKey": "object:2346"
            },
            "color": "#000000",
            "$$hashKey": "object:10893",
            "selected": false,
            "min": "5",
            "max": "50",
            "step": "1"
        },
        {
            "id": 4,
            "title": "Input",
            "name": "rad_f",
            "connected": true,
            "option": {
                "name": "none"
            },
            "color": "#000000",
            "$$hashKey": "object:11241",
            "selected": false
        },
        {
            "id": 5,
            "title": "Input",
            "name": "rad1",
            "connected": false,
            "dataValue": "8.2",
            "option": {
                "name": "slider",
                "$$hashKey": "object:2346"
            },
            "color": "#000000",
            "$$hashKey": "object:12602",
            "selected": false,
            "min": "0",
            "max": "10",
            "step": "0.1"
        },
        {
            "id": 8,
            "title": "Input",
            "name": "rad2",
            "connected": false,
            "dataValue": "0",
            "option": {
                "name": "slider",
                "$$hashKey": "object:2346"
            },
            "color": "#000000",
            "$$hashKey": "object:54351",
            "selected": true,
            "min": "0",
            "max": "10",
            "step": "0.1"
        },
        {
            "id": 6,
            "title": "Input",
            "name": "freq",
            "connected": false,
            "dataValue": "3.2",
            "option": {
                "name": "slider",
                "$$hashKey": "object:2346"
            },
            "color": "#000000",
            "$$hashKey": "object:12630",
            "selected": false,
            "min": "0",
            "max": "10",
            "step": "0.1"
        },
        {
            "id": 7,
            "title": "Input",
            "name": "amplitude",
            "connected": false,
            "dataValue": "3.1",
            "option": {
                "name": "slider",
                "$$hashKey": "object:2346"
            },
            "color": "#000000",
            "$$hashKey": "object:12658",
            "selected": false,
            "min": "0",
            "max": "10",
            "step": "0.1"
        }
    ],
    [
        {
            "id": 1,
            "title": "Input",
            "name": "geom",
            "connected": true,
            "option": {
                "name": "none"
            },
            "color": "#000000",
            "$$hashKey": "object:18158",
            "selected": false
        },
        {
            "id": 2,
            "title": "Input",
            "name": "num_copies",
            "connected": false,
            "dataValue": "48",
            "option": {
                "name": "slider",
                "$$hashKey": "object:2346"
            },
            "color": "#000000",
            "$$hashKey": "object:21903",
            "selected": false,
            "min": "2",
            "max": "50",
            "step": "1"
        },
        {
            "id": 3,
            "title": "Input",
            "name": "angle",
            "connected": false,
            "dataValue": "360 / num_copies",
            "option": {
                "name": "slider",
                "$$hashKey": "object:2346"
            },
            "color": "#000000",
            "$$hashKey": "object:21956",
            "selected": true,
            "min": "0",
            "max": "360",
            "step": "0.1"
        }
    ],
    [
        {
            "id": 1,
            "title": "Input",
            "name": "geom",
            "connected": true,
            "option": {
                "name": "none",
                "$$hashKey": "object:25020"
            },
            "color": "#000000",
            "$$hashKey": "object:24966",
            "selected": true
        }
    ]
]