{
    "nodes": [
        {
            "id": 0,
            "name": "rect0",
            "x": 1938.404811221703,
            "y": 2025.0605966931548,
            "inputConnectors": [
                {
                    "id": 1,
                    "title": "Input",
                    "name": "length",
                    "connected": false,
                    "dataValue": "80",
                    "option": {
                        "name": "none"
                    },
                    "color": "#000000",
                    "selected": false
                },
                {
                    "id": 2,
                    "title": "Input",
                    "name": "breadth",
                    "connected": false,
                    "dataValue": "80",
                    "option": {
                        "name": "none"
                    },
                    "color": "#000000",
                    "selected": false
                }
            ],
            "outputConnectors": [
                {
                    "id": 2,
                    "title": "Output",
                    "type": "new",
                    "selected": false,
                    "name": "rectangle"
                }
            ],
            "type": "rect",
            "version": 1450211749673,
            "overwrite": true,
            "disabled": false
        },
        {
            "id": 1,
            "name": "extrude0",
            "x": 1937.8980522423376,
            "y": 2097.527130742381,
            "inputConnectors": [
                {
                    "id": 1,
                    "title": "Input",
                    "name": "surface",
                    "connected": true,
                    "option": {
                        "name": "none"
                    },
                    "color": "#000000",
                    "$$hashKey": "object:781",
                    "selected": false
                },
                {
                    "id": 2,
                    "title": "Input",
                    "name": "u",
                    "connected": false,
                    "dataValue": "7",
                    "option": {
                        "name": "slider",
                        "$$hashKey": "object:1883"
                    },
                    "color": "#000000",
                    "$$hashKey": "object:812",
                    "selected": false,
                    "min": "1",
                    "max": "8",
                    "step": "1"
                },
                {
                    "id": 3,
                    "title": "Input",
                    "name": "v",
                    "connected": false,
                    "dataValue": "7",
                    "option": {
                        "name": "slider",
                        "$$hashKey": "object:1883"
                    },
                    "color": "#000000",
                    "$$hashKey": "object:834",
                    "selected": false,
                    "min": "1",
                    "max": "8",
                    "step": "1"
                },
                {
                    "id": 4,
                    "title": "Input",
                    "name": "tallBuildings",
                    "connected": false,
                    "option": {
                        "name": "color picker",
                        "$$hashKey": "object:1885"
                    },
                    "color": "#2023a6",
                    "$$hashKey": "object:5399",
                    "selected": false
                },
                {
                    "id": 5,
                    "title": "Input",
                    "name": "grass",
                    "connected": false,
                    "option": {
                        "name": "color picker",
                        "$$hashKey": "object:1885"
                    },
                    "color": "#34a727",
                    "$$hashKey": "object:6498",
                    "selected": true
                }
            ],
            "outputConnectors": [
                {
                    "id": 3,
                    "title": "Output",
                    "type": "new",
                    "$$hashKey": "object:1822",
                    "selected": false,
                    "name": "extrusions",
                    "dataValue": "[]"
                }
            ],
            "type": "extrude",
            "version": 1450211739826,
            "overwrite": true,
            "disabled": false
        }
    ],
    "connections": [
        {
            "source": {
                "nodeID": 0,
                "connectorIndex": 0
            },
            "dest": {
                "nodeID": 1,
                "connectorIndex": 0
            }
        }
    ]
}

//procedure json
[
    [
        {
            "id": 2,
            "title": "Output",
            "type": "new",
            "selected": false,
            "name": "rectangle",
            "$$hashKey": "object:158"
        },
        {
            "id": 1,
            "title": "Action",
            "nodes": [],
            "type": "new",
            "expression": "",
            "method": "nurbsByCorners",
            "category": "srf",
            "parameters": [
                {
                    "value": "[[length/2,breadth/2,0],[-length/2,breadth/2,0],[-length/2,-breadth/2,0],[length/2,-breadth/2,0]]",
                    "type": "cornerpoints",
                    "$$hashKey": "object:500"
                }
            ],
            "result": "rectangle",
            "selected": false,
            "$$hashKey": "object:159"
        }
    ],
    [
        {
            "id": 3,
            "title": "Output",
            "type": "new",
            "$$hashKey": "object:1822",
            "selected": false,
            "name": "extrusions",
            "dataValue": "[]"
        },
        {
            "id": 2,
            "title": "Action",
            "nodes": [],
            "type": "new",
            "expression": "",
            "method": "uvGridByNumber",
            "category": "srf",
            "parameters": [
                {
                    "value": "surface",
                    "type": "surface",
                    "$$hashKey": "object:1784"
                },
                {
                    "value": "u",
                    "type": "uSegments",
                    "$$hashKey": "object:1785"
                },
                {
                    "value": "v",
                    "type": "vSegments",
                    "$$hashKey": "object:1786"
                }
            ],
            "result": "uvGrid",
            "$$hashKey": "object:1769",
            "selected": false
        },
        {
            "id": 1,
            "title": "Action",
            "nodes": [],
            "type": "new",
            "expression": "",
            "method": "divide",
            "category": "srf",
            "parameters": [
                {
                    "value": "surface",
                    "type": "surface",
                    "$$hashKey": "object:1357"
                },
                {
                    "value": "uvGrid",
                    "type": "uvGrid",
                    "$$hashKey": "object:1358"
                }
            ],
            "result": "mesh",
            "$$hashKey": "object:1337",
            "selected": false
        },
        {
            "id": 4,
            "title": "Control",
            "nodes": [
                {
                    "id": 6,
                    "title": "Data",
                    "nodes": [],
                    "dataName": "height",
                    "dataValue": "Math.floor((Math.random() * 40) + 1)",
                    "$$hashKey": "object:3137",
                    "selected": false
                },
                {
                    "id": 5,
                    "title": "Action",
                    "nodes": [],
                    "expression": "",
                    "method": "byExtrusion",
                    "category": "sld",
                    "parameters": [
                        {
                            "value": "face",
                            "type": "surface",
                            "$$hashKey": "object:3089"
                        },
                        {
                            "value": "GLOBAL",
                            "type": "frame",
                            "$$hashKey": "object:3090"
                        },
                        {
                            "value": "0",
                            "type": "xDistance",
                            "$$hashKey": "object:3091"
                        },
                        {
                            "value": "0",
                            "type": "yDistance",
                            "$$hashKey": "object:3092"
                        },
                        {
                            "value": "height",
                            "type": "zDistance",
                            "$$hashKey": "object:3093"
                        }
                    ],
                    "result": "ex",
                    "$$hashKey": "object:3075",
                    "selected": false
                },
                {
                    "id": 9,
                    "title": "Control",
                    "nodes": [
                        {
                            "id": 8,
                            "title": "Control",
                            "controlType": "if",
                            "nodes": [
                                {
                                    "id": 12,
                                    "title": "Action",
                                    "nodes": [],
                                    "expression": "",
                                    "method": "addMaterial",
                                    "category": "obj",
                                    "return": false,
                                    "parameters": [
                                        {
                                            "value": "ex",
                                            "type": "obj",
                                            "$$hashKey": "object:6478"
                                        },
                                        {
                                            "value": "\"MeshBasicMaterial\"",
                                            "type": "material_type",
                                            "$$hashKey": "object:6479"
                                        },
                                        {
                                            "value": "true",
                                            "type": "wireframe",
                                            "$$hashKey": "object:6480"
                                        },
                                        {
                                            "value": "grass",
                                            "type": "color_hex",
                                            "$$hashKey": "object:6481"
                                        },
                                        {
                                            "value": "false",
                                            "type": "transparent",
                                            "$$hashKey": "object:6482"
                                        }
                                    ],
                                    "result": "",
                                    "$$hashKey": "object:6467",
                                    "selected": false
                                }
                            ],
                            "ifExpression": "height < 10",
                            "$$hashKey": "object:4734",
                            "selected": false
                        },
                        {
                            "id": 8,
                            "title": "Control",
                            "controlType": "else",
                            "nodes": [
                                {
                                    "id": 10,
                                    "title": "Control",
                                    "nodes": [
                                        {
                                            "id": 9,
                                            "title": "Control",
                                            "controlType": "if",
                                            "nodes": [
                                                {
                                                    "id": 11,
                                                    "title": "Action",
                                                    "nodes": [],
                                                    "expression": "",
                                                    "method": "addMaterial",
                                                    "category": "obj",
                                                    "return": false,
                                                    "parameters": [
                                                        {
                                                            "value": "ex",
                                                            "type": "obj",
                                                            "$$hashKey": "object:5363"
                                                        },
                                                        {
                                                            "value": "\"MeshBasicMaterial\"",
                                                            "type": "material_type",
                                                            "$$hashKey": "object:5364"
                                                        },
                                                        {
                                                            "value": "false",
                                                            "type": "wireframe",
                                                            "$$hashKey": "object:5365"
                                                        },
                                                        {
                                                            "value": "tallBuildings",
                                                            "type": "color_hex",
                                                            "$$hashKey": "object:5366"
                                                        },
                                                        {
                                                            "value": "false",
                                                            "type": "transparent",
                                                            "$$hashKey": "object:5367"
                                                        }
                                                    ],
                                                    "result": "",
                                                    "$$hashKey": "object:5352",
                                                    "selected": false
                                                }
                                            ],
                                            "ifExpression": "height > 30",
                                            "$$hashKey": "object:4794",
                                            "selected": false
                                        },
                                        {
                                            "id": 9,
                                            "title": "Control",
                                            "controlType": "else",
                                            "nodes": [],
                                            "$$hashKey": "object:4795",
                                            "selected": false
                                        }
                                    ],
                                    "controlType": "if else",
                                    "$$hashKey": "object:4783",
                                    "selected": false
                                }
                            ],
                            "$$hashKey": "object:4735",
                            "selected": false
                        }
                    ],
                    "controlType": "if else",
                    "$$hashKey": "object:4724",
                    "selected": false
                },
                {
                    "id": 7,
                    "title": "Action",
                    "nodes": [],
                    "expression": "",
                    "method": "append",
                    "category": "lst",
                    "return": false,
                    "parameters": [
                        {
                            "value": "extrusions",
                            "type": "list",
                            "$$hashKey": "object:3639"
                        },
                        {
                            "value": "ex",
                            "type": "itemOrList",
                            "$$hashKey": "object:3640"
                        }
                    ],
                    "result": "",
                    "$$hashKey": "object:3629",
                    "selected": false
                }
            ],
            "type": "new",
            "controlType": "for each",
            "dataName": "face",
            "forList": "mesh.faces",
            "$$hashKey": "object:1849",
            "selected": true
        }
    ]
]

//interface json
[
    [
        {
            "id": 1,
            "title": "Input",
            "name": "length",
            "connected": false,
            "dataValue": "140",
            "option": {
                "name": "slider",
                "$$hashKey": "object:1883"
            },
            "color": "#000000",
            "selected": false,
            "$$hashKey": "object:146",
            "min": "50",
            "max": "150",
            "step": "10"
        },
        {
            "id": 2,
            "title": "Input",
            "name": "breadth",
            "connected": false,
            "dataValue": "100",
            "option": {
                "name": "slider",
                "$$hashKey": "object:1883"
            },
            "color": "#000000",
            "selected": true,
            "$$hashKey": "object:147",
            "min": "50",
            "max": "150",
            "step": "10"
        }
    ],
    [
        {
            "id": 1,
            "title": "Input",
            "name": "surface",
            "connected": true,
            "option": {
                "name": "none"
            },
            "color": "#000000",
            "$$hashKey": "object:781",
            "selected": false
        },
        {
            "id": 2,
            "title": "Input",
            "name": "u",
            "connected": false,
            "dataValue": "7",
            "option": {
                "name": "slider",
                "$$hashKey": "object:1883"
            },
            "color": "#000000",
            "$$hashKey": "object:812",
            "selected": false,
            "min": "1",
            "max": "8",
            "step": "1"
        },
        {
            "id": 3,
            "title": "Input",
            "name": "v",
            "connected": false,
            "dataValue": "7",
            "option": {
                "name": "slider",
                "$$hashKey": "object:1883"
            },
            "color": "#000000",
            "$$hashKey": "object:834",
            "selected": false,
            "min": "1",
            "max": "8",
            "step": "1"
        },
        {
            "id": 4,
            "title": "Input",
            "name": "tallBuildings",
            "connected": false,
            "option": {
                "name": "color picker",
                "$$hashKey": "object:1885"
            },
            "color": "#2023a6",
            "$$hashKey": "object:5399",
            "selected": false
        },
        {
            "id": 5,
            "title": "Input",
            "name": "grass",
            "connected": false,
            "option": {
                "name": "color picker",
                "$$hashKey": "object:1885"
            },
            "color": "#34a727",
            "$$hashKey": "object:6498",
            "selected": true
        }
    ]
]