{
  "name": "angular-mousewheel",
  "version": "1.0.4",
  "main": "mousewheel.js",
  "ignore": [
    "**/.*",
    "node_modules",
    "components"
  ],
  "dependencies": {
    "angular": ">=1.0.6",
    "hamsterjs": ">=1.0.2"
  },
  "homepage": "https://github.com/monospaced/angular-mousewheel",
  "_release": "1.0.4",
  "_resolution": {
    "type": "version",
    "tag": "v1.0.4",
    "commit": "d07b6bbab8394a2703653e27ce744acad0dca56a"
  },
  "_source": "git://github.com/monospaced/angular-mousewheel.git",
  "_target": "1.0.4",
  "_originalSource": "angular-mousewheel"
}